batch_id,shift_handover_pressure,wifi_down,probe_fault,sanitation_skipped,released_before_result,contaminated,unsafe_release
VB-0001,1,0,0,0,0,0,0
VB-0002,0,0,0,0,0,0,0
VB-0003,0,0,0,0,0,0,0
VB-0004,0,1,0,0,0,0,0
VB-0005,0,0,0,0,0,0,0
VB-0006,0,0,0,0,0,0,0
VB-0007,0,0,0,0,0,0,0
VB-0008,0,0,0,0,0,0,0
VB-0009,0,0,0,0,0,0,0
VB-0010,0,0,0,0,1,0,0
VB-0011,1,0,0,0,0,0,0
VB-0012,0,0,0,0,0,0,0
VB-0013,0,0,0,0,0,0,0
VB-0014,0,0,0,0,0,0,0
VB-0015,0,0,0,0,0,0,0
VB-0016,0,0,0,0,0,0,0
VB-0017,0,0,0,0,0,0,0
VB-0018,0,0,0,0,0,0,0
VB-0019,0,0,0,0,0,0,0
VB-0020,1,0,0,0,0,0,0
VB-0021,0,0,0,0,0,0,0
VB-0022,1,0,0,0,0,0,0
VB-0023,0,0,0,0,0,0,0
VB-0024,0,0,0,0,0,0,0
VB-0025,0,0,0,0,0,0,0
VB-0026,0,0,0,0,0,0,0
VB-0027,1,0,0,0,0,0,0
VB-0028,0,0,0,0,0,0,0
VB-0029,0,0,0,0,0,0,0
VB-0030,0,0,0,0,0,0,0
VB-0031,0,0,0,0,0,0,0
VB-0032,0,0,0,0,0,0,0
VB-0033,1,0,0,0,0,0,0
VB-0034,0,0,0,0,0,0,0
VB-0035,0,0,0,0,0,1,0
VB-0036,0,0,0,0,0,0,0
VB-0037,0,0,0,0,0,0,0
VB-0038,0,0,0,0,0,0,0
VB-0039,1,0,0,0,0,0,0
VB-0040,0,0,0,0,0,0,0
VB-0041,0,0,0,0,0,0,0
VB-0042,1,0,0,0,0,0,0
VB-0043,1,1,0,0,1,0,0
VB-0044,1,0,0,0,0,0,0
VB-0045,1,0,0,0,0,0,0
VB-0046,1,0,0,0,0,0,0
VB-0047,0,0,0,0,0,0,0
VB-0048,1,0,0,0,0,0,0
VB-0049,0,0,0,0,0,0,0
VB-0050,0,0,0,0,0,0,0
VB-0051,0,0,0,0,0,0,0
VB-0052,1,0,0,0,0,0,0
VB-0053,1,0,0,0,0,0,0
VB-0054,1,0,0,0,0,0,0
VB-0055,0,0,0,0,0,0,0
VB-0056,1,0,0,0,1,0,0
VB-0057,0,0,0,0,0,0,0
VB-0058,0,0,0,0,0,0,0
VB-0059,0,0,0,0,0,0,0
VB-0060,0,0,0,0,0,0,0
VB-0061,0,0,0,0,0,0,0
VB-0062,0,0,0,0,0,0,0
VB-0063,1,0,0,0,0,0,0
VB-0064,1,0,0,0,0,0,0
VB-0065,1,0,0,0,0,0,0
VB-0066,0,1,0,0,0,0,0
VB-0067,0,1,0,0,0,0,0
VB-0068,0,0,0,0,0,0,0
VB-0069,0,0,0,0,0,0,0
VB-0070,1,0,0,0,0,0,0
VB-0071,0,0,0,0,0,0,0
VB-0072,1,0,0,0,0,0,0
VB-0073,1,0,0,0,0,0,0
VB-0074,0,0,0,0,0,0,0
VB-0075,0,0,0,0,0,0,0
VB-0076,0,0,0,0,0,0,0
VB-0077,0,0,0,0,0,0,0
VB-0078,1,0,0,0,0,0,0
VB-0079,0,0,0,0,0,0,0
VB-0080,0,0,0,0,0,0,0
VB-0081,1,0,0,0,0,0,0
VB-0082,1,0,0,0,0,0,0
VB-0083,0,0,0,0,0,0,0
VB-0084,0,0,0,0,0,0,0
VB-0085,0,0,0,0,0,0,0
VB-0086,0,0,0,0,0,0,0
VB-0087,1,0,0,0,0,0,0
VB-0088,0,0,0,0,0,0,0
VB-0089,0,0,0,0,0,0,0
VB-0090,0,0,0,0,0,0,0
VB-0091,0,0,0,0,0,0,0
VB-0092,0,1,0,0,0,0,0
VB-0093,0,0,0,0,0,0,0
VB-0094,1,0,0,0,0,0,0
VB-0095,1,0,0,0,0,0,0
VB-0096,1,0,0,0,0,0,0
VB-0097,1,0,0,0,0,0,0
VB-0098,0,0,0,0,0,0,0
VB-0099,0,0,0,0,0,0,0
VB-0100,0,0,0,0,0,0,0
VB-0101,1,0,0,0,0,0,0
VB-0102,0,0,0,0,0,0,0
VB-0103,0,0,0,0,0,0,0
VB-0104,1,0,0,0,0,0,0
VB-0105,1,0,0,0,0,0,0
VB-0106,1,0,0,0,0,0,0
VB-0107,0,0,0,0,0,0,0
VB-0108,0,0,0,0,0,0,0
VB-0109,1,0,0,0,0,0,0
VB-0110,1,0,0,0,0,0,0
VB-0111,1,0,0,0,0,0,0
VB-0112,0,0,0,0,0,0,0
VB-0113,0,0,0,0,0,0,0
VB-0114,1,0,0,0,0,0,0
VB-0115,1,0,0,0,0,0,0
VB-0116,0,0,0,0,0,0,0
VB-0117,1,0,0,0,0,0,0
VB-0118,0,0,0,0,0,0,0
VB-0119,0,0,0,0,0,0,0
VB-0120,0,0,0,0,0,0,0
VB-0121,1,0,0,0,0,0,0
VB-0122,0,0,0,0,0,0,0
VB-0123,0,0,0,0,0,0,0
VB-0124,0,0,0,0,0,0,0
VB-0125,0,0,0,0,0,0,0
VB-0126,1,0,0,0,0,0,0
VB-0127,0,0,0,0,0,0,0
VB-0128,1,0,0,0,0,0,0
VB-0129,1,0,0,0,0,0,0
VB-0130,1,0,0,0,0,0,0
VB-0131,1,0,0,0,0,0,0
VB-0132,0,1,0,0,0,0,0
VB-0133,0,0,0,0,0,0,0
VB-0134,0,0,0,0,0,0,0
VB-0135,0,0,0,0,0,0,0
VB-0136,1,0,0,0,0,0,0
VB-0137,1,0,0,0,0,0,0
VB-0138,1,0,0,0,0,0,0
VB-0139,1,0,0,0,0,0,0
VB-0140,1,0,0,0,1,0,0
VB-0141,0,0,0,0,0,0,0
VB-0142,0,0,0,0,0,0,0
VB-0143,0,0,0,0,0,0,0
VB-0144,1,0,0,0,0,0,0
VB-0145,0,0,0,0,0,0,0
VB-0146,1,0,0,0,0,0,0
VB-0147,1,0,0,0,0,0,0
VB-0148,1,0,0,0,0,0,0
VB-0149,1,0,0,0,0,0,0
VB-0150,0,0,0,0,0,0,0
VB-0151,0,0,0,0,0,0,0
VB-0152,0,0,0,0,0,0,0
VB-0153,0,0,0,0,0,0,0
VB-0154,1,0,0,0,0,0,0
VB-0155,0,0,0,0,0,0,0
VB-0156,0,0,0,0,0,0,0
VB-0157,0,0,0,0,0,0,0
VB-0158,1,0,0,0,0,0,0
VB-0159,1,0,0,0,0,0,0
VB-0160,1,0,0,0,0,0,0
VB-0161,1,0,0,0,0,0,0
VB-0162,0,0,0,0,0,0,0
VB-0163,1,0,0,0,0,0,0
VB-0164,0,0,0,0,0,0,0
VB-0165,1,0,0,0,0,0,0
VB-0166,1,0,0,0,0,0,0
VB-0167,0,0,0,0,0,0,0
VB-0168,1,0,0,0,1,0,0
VB-0169,1,0,0,0,0,0,0
VB-0170,0,0,0,0,0,0,0
VB-0171,0,0,0,0,0,0,0
VB-0172,0,0,0,0,0,0,0
VB-0173,1,0,0,0,0,0,0
VB-0174,1,0,0,0,0,0,0
VB-0175,0,0,0,0,0,0,0
VB-0176,0,0,0,0,0,0,0
VB-0177,1,0,0,0,0,0,0
VB-0178,0,0,0,0,0,0,0
VB-0179,0,0,0,0,0,0,0
VB-0180,0,0,0,0,0,0,0
VB-0181,0,0,0,0,0,0,0
VB-0182,0,0,0,0,0,0,0
VB-0183,1,0,0,0,0,1,0
VB-0184,1,0,0,0,0,0,0
VB-0185,0,0,0,0,0,0,0
VB-0186,1,0,0,0,0,0,0
VB-0187,0,0,0,0,0,0,0
VB-0188,0,0,0,0,0,0,0
VB-0189,1,0,0,0,0,0,0
VB-0190,1,0,0,0,0,0,0
VB-0191,0,0,0,0,0,0,0
VB-0192,1,0,0,0,0,0,0
VB-0193,0,0,0,0,0,0,0
VB-0194,0,0,0,0,0,0,0
VB-0195,0,1,0,0,0,0,0
VB-0196,0,0,0,0,0,0,0
VB-0197,0,0,0,0,0,0,0
VB-0198,1,0,0,0,0,0,0
VB-0199,1,0,0,0,0,0,0
VB-0200,1,0,0,0,0,0,0
